Date,Best epoch,From KPI:,Data size,Num_unrolling,Batch_size,n_predict_once,Dropout,Num_nodes,mse,lincor,mre,rmse,mae,maxae,ae,correct
Tue Jun 18 16:41:45 2019,1,correct,5000,50,500,50,0.2,"[200, 200]",0.0607,0.8989,0.3254,0.2326,0.2944,14.7176,5.5871,56
Tue Jun 18 16:51:21 2019,1,correct,5000,50,500,50,0.2,"[200, 200]",0.0509,0.8338,0.3011,0.2105,0.2676,13.3801,5.1697,56
Tue Jun 18 16:56:35 2019,4,"mre, correct",4000,50,500,50,0.2,"[200, 200]",0.0117,1.2939,0.1154,0.0916,-0.0576,1.2363,-1.5306,60
Tue Jun 18 17:07:09 2019,7,correct,2000,25,250,50,0.1,"[50, 50, 150]",0.0314,0.7646,0.1753,0.15,-0.1754,0.3002,-4.4795,60
Tue Jun 18 17:08:41 2019,7,correct,2000,25,250,50,0.1,"[50, 50, 150]",0.0339,0.7359,0.1802,0.1547,-0.1809,0.3531,-4.4658,60
Tue Jun 18 17:09:28 2019,4,correct,2000,25,250,50,0.5,"[50, 50, 150]",0.0351,0.7536,0.1853,0.1584,-0.189,0.2022,-4.9757,56
Tue Jun 18 17:10:27 2019,0,correct,2000,25,250,50,0.1,"[400, 400, 150]",0.024,0.8834,0.1589,0.1338,-0.1546,0.23199999999999998,-4.0922,56
Tue Jun 18 17:11:30 2019,0,correct,2000,25,250,50,0.5,"[400, 400, 150]",0.0377,0.9755,0.2419,0.1813,0.1851,9.4358,2.5314,56
Tue Jun 18 17:12:11 2019,0,"mae, maxae, ae, correct",2000,25,1000,50,0.1,"[50, 50, 150]",0.5037,4.2553,0.9089,0.6768,-0.9546,-0.9334,-24.2177,56
Tue Jun 18 17:12:56 2019,0,"mae, maxae, ae, correct",2000,25,1000,50,0.5,"[50, 50, 150]",0.5382,0.7331,0.9482,0.7027,-0.991,-0.9127,-24.8585,43
Tue Jun 18 17:13:51 2019,5,correct,2000,25,1000,50,0.1,"[400, 400, 150]",0.0709,1.3551,0.3119,0.2542,0.2548,12.7393,3.0628,56
Tue Jun 18 17:14:48 2019,3,correct,2000,25,1000,50,0.5,"[400, 400, 150]",0.0209,0.8704,0.1698,0.1327,0.0867,5.1789,0.3984,56
Tue Jun 18 17:16:41 2019,4,"mse, correct",2000,100,250,50,0.1,"[50, 50, 150]",0.0198,1.3069,0.19399999999999998,0.1265,0.0859,6.2504,1.8964,60
Tue Jun 18 17:18:34 2019,3,"mse, rmse, correct",2000,100,250,50,0.5,"[50, 50, 150]",0.017,1.243,0.172,0.1161,0.0599,5.2002,1.2268,60
Tue Jun 18 17:21:24 2019,4,"mse, rmse, correct",2000,100,250,50,0.1,"[400, 400, 150]",0.0091,1.0017,0.1156,0.0851,0.0177,2.8629,0.1571,60
Tue Jun 18 17:24:16 2019,2,"mse, mre, rmse, correct",2000,100,250,50,0.5,"[400, 400, 150]",0.0093,1.1009,0.1148,0.0847,0.0212,2.9553,0.3415,56
Tue Jun 18 17:26:05 2019,0,"mae, maxae, ae, correct",2000,100,1000,50,0.1,"[50, 50, 150]",0.4898,1.7322,0.8938,0.6667,-0.9401,-0.8923,-23.7344,43
Tue Jun 18 17:27:58 2019,0,"mae, maxae, ae, correct",2000,100,1000,50,0.5,"[50, 50, 150]",0.6726,2.7095,1.0785,0.7911,-1.1167,-1.0879,-28.447,56
Wed Jun 19 09:31:22 2019,0,"mae, maxae, ae, correct",5000,25,250,10,0.1,[50],0.5601,0.6554,0.9739,0.7188,-1.0156,-1.0888,-5.6166,62
Wed Jun 19 09:32:40 2019,4,correct,5000,25,250,10,0.2,[50],0.0239,1.2356,0.1601,0.133,-0.18,-0.1451,-0.9328,40
Wed Jun 19 09:33:59 2019,0,"mae, maxae, ae, correct",5000,25,250,10,0.5,[50],0.4265,0.6048,0.83,0.6205,-0.8766,-0.8641,-4.7627,37
Wed Jun 19 09:35:31 2019,1,correct,5000,25,250,10,0.1,"[50, 150]",0.0534,0.8121,0.2678,0.2101,-0.2942,-0.3241,-1.648,62
Wed Jun 19 09:37:09 2019,1,correct,5000,25,250,10,0.2,"[50, 150]",0.0174,0.7485,0.1375,0.1139,-0.1432,-0.1642,-0.8798,62
Wed Jun 19 09:39:03 2019,1,correct,5000,25,250,10,0.5,"[50, 150]",0.0291,1.3702,0.1927,0.1528,-0.2119,-0.2202,-1.165,57
Wed Jun 19 09:40:46 2019,1,"lincor, correct",5000,25,250,10,0.1,"[50, 50, 150]",0.0631,0.7027,0.2725,0.2211,-0.3088,-0.3533,-1.7547,62
Wed Jun 19 09:42:27 2019,1,correct,5000,25,250,10,0.2,"[50, 50, 150]",0.0776,0.7186,0.3231,0.2538,-0.3555,-0.414,-2.0340000000000003,62
Wed Jun 19 09:44:10 2019,0,"mae, maxae, ae, correct",5000,25,250,10,0.5,"[50, 50, 150]",0.2612,0.9322,0.6411,0.4827,-0.6817,-0.703,-3.7684,62
Wed Jun 19 09:45:53 2019,0,"mae, maxae, ae, correct",5000,25,250,10,0.1,"[50, 50, 50, 150]",0.4147,1.229,0.8346,0.6174,-0.8724,-0.8861,-4.8043,62
Wed Jun 19 09:47:38 2019,0,"mae, maxae, ae, correct",5000,25,250,10,0.2,"[50, 50, 50, 150]",0.3806,1.943,0.7744,0.5826,-0.8233,-0.8303,-4.5301,62
Wed Jun 19 09:49:24 2019,0,"mae, maxae, ae, correct",5000,25,250,10,0.5,"[50, 50, 50, 150]",0.1686,0.7714,0.4959,0.3812,-0.5366,-0.6031,-3.0535,62
Wed Jun 19 09:50:47 2019,5,correct,5000,25,250,10,0.1,[200],0.0038,1.5628,0.0723,0.0546,-0.040999999999999995,0.0651,-0.2537,61
Wed Jun 19 09:52:09 2019,1,correct,5000,25,250,10,0.2,[200],0.0124,0.9431,0.1188,0.0967,-0.1212,-0.1035,-0.6942,62
Wed Jun 19 09:53:30 2019,1,correct,5000,25,250,10,0.5,[200],0.0077,0.7582,0.1023,0.0795,-0.0895,-0.0952,-0.5787,62
Wed Jun 19 09:55:05 2019,0,"lincor, correct",5000,25,250,10,0.1,"[200, 150]",0.0103,0.7487,0.1039,0.0854,-0.0827,0.0243,-0.506,62
Wed Jun 19 09:56:39 2019,0,"maxae, correct",5000,25,250,10,0.2,"[200, 150]",0.0374,1.1267,0.225,0.1762,-0.2459,-0.2628,-1.3593,60
Wed Jun 19 09:58:15 2019,0,"lincor, correct",5000,25,250,10,0.5,"[200, 150]",0.0104,0.7154,0.1066,0.0877,-0.0976,-0.0581,-0.6034,62
Wed Jun 19 10:00:10 2019,0,"mse, mre, rmse, correct",5000,25,250,10,0.1,"[200, 200, 150]",0.0084,0.8881,0.0992,0.0822,-0.0757,-0.0567,-0.5557,62
Wed Jun 19 10:02:05 2019,0,correct,5000,25,250,10,0.2,"[200, 200, 150]",0.0065,1.0351,0.0908,0.0742,-0.0256,0.1113,-0.3211,62
Wed Jun 19 10:04:09 2019,0,"mae, maxae, ae, correct",5000,25,250,10,0.5,"[200, 200, 150]",0.0337,0.7234,0.2031,0.1636,-0.2246,-0.2808,-1.3141,62
Wed Jun 19 10:06:22 2019,0,"lincor, mae, maxae, ae, correct",5000,25,250,10,0.1,"[200, 200, 200, 150]",0.0898,0.7179,0.3523,0.2747,-0.3856,-0.4434,-2.1971,62
Wed Jun 19 10:08:35 2019,0,"mae, maxae, ae, correct",5000,25,250,10,0.2,"[200, 200, 200, 150]",0.0455,0.8685,0.2326,0.1897,-0.2592,-0.3452,-1.5599,62
Wed Jun 19 10:10:43 2019,0,"mae, maxae, ae, correct",5000,25,250,10,0.5,"[200, 200, 200, 150]",0.0759,0.7672,0.3136,0.2491,-0.3479,-0.4172,-2.0142,62
Wed Jun 19 10:12:17 2019,0,"lincor, correct",5000,25,250,10,0.1,[400],0.0045,0.8653,0.0772,0.0595,0.0168,0.327,-0.04,62
Wed Jun 19 10:13:48 2019,0,correct,5000,25,250,10,0.2,[400],0.0136,1.1397,0.1202,0.0998,0.1057,1.0832,0.3743,62
Wed Jun 19 10:15:20 2019,0,correct,5000,25,250,10,0.5,[400],0.0046,0.8654,0.0765,0.0596,0.0212,0.3597,-0.0147,62
Wed Jun 19 10:17:03 2019,0,"lincor, mae, maxae, ae, correct",5000,25,250,10,0.1,"[400, 150]",0.0053,0.7218,0.0797,0.063,-0.0403,0.0984,-0.2851,62
Wed Jun 19 10:18:49 2019,0,"lincor, mae, maxae, ae, correct",5000,25,250,10,0.2,"[400, 150]",0.008,0.8019,0.1021,0.0799,-0.0951,-0.0826,-0.5654,62
Wed Jun 19 10:20:33 2019,0,"lincor, mae, maxae, ae, correct",5000,25,250,10,0.5,"[400, 150]",0.0059,0.727,0.0844,0.0675,-0.0631,0.0065,-0.4039,62
Wed Jun 19 10:22:49 2019,1,correct,5000,25,250,10,0.1,"[400, 400, 150]",0.0077,0.8849,0.0979,0.0776,-0.0879,-0.054000000000000006,-0.5188,60
Wed Jun 19 10:25:06 2019,3,correct,5000,25,250,10,0.2,"[400, 400, 150]",0.0043,1.0035,0.0743,0.0576,-0.0408,0.0803,-0.2554,62
Wed Jun 19 10:27:24 2019,1,correct,5000,25,250,10,0.5,"[400, 400, 150]",0.0117,1.0602,0.1209,0.0959,-0.1234,-0.1183,-0.6934,58
Wed Jun 19 10:30:05 2019,0,"lincor, mae, maxae, ae, correct",5000,25,250,10,0.1,"[400, 400, 400, 150]",0.0824,0.7041,0.3584,0.2706,-0.3803,-0.4279,-2.1425,62
Wed Jun 19 10:32:49 2019,0,"lincor, mae, maxae, ae, correct",5000,25,250,10,0.2,"[400, 400, 400, 150]",0.0704,0.7132,0.307,0.2413,-0.3384,-0.3817,-1.9103,62
Wed Jun 19 10:35:39 2019,0,"mae, maxae, ae, correct",5000,25,250,10,0.5,"[400, 400, 400, 150]",0.0804,0.7655,0.3379,0.2615,-0.3676,-0.4014,-2.052,62
Wed Jun 19 10:36:58 2019,8,"mse, mre, rmse, correct",5000,25,500,10,0.1,[50],0.055999999999999994,2.1188,0.2428,0.2016,-0.2809,-0.2678,-1.5255,47
Wed Jun 19 10:38:13 2019,9,"mse, mre, rmse, correct",5000,25,500,10,0.2,[50],0.028,1.4105,0.168,0.1412,-0.1904,-0.1661,-1.0225,45
Wed Jun 19 10:39:26 2019,0,"mae, maxae, ae, correct",5000,25,500,10,0.5,[50],0.604,1.1504,1.0086,0.7454,-1.0536,-1.0642,-5.7787,57
Wed Jun 19 10:40:55 2019,2,correct,5000,25,500,10,0.1,"[50, 150]",0.0508,0.759,0.2443,0.198,-0.2757,-0.3084,-1.5592,62
Wed Jun 19 10:42:20 2019,3,correct,5000,25,500,10,0.2,"[50, 150]",0.025,0.7279,0.1716,0.1394,-0.1879,-0.2364,-1.1149,62
Wed Jun 19 10:43:43 2019,2,correct,5000,25,500,10,0.5,"[50, 150]",0.0933,1.189,0.3545,0.2777,-0.391,-0.4057,-2.1571,62
Wed Jun 19 10:45:13 2019,1,correct,5000,25,500,10,0.1,"[50, 50, 150]",0.2839,1.3012,0.6702,0.5038,-0.7116,-0.7249,-3.9186,62
Wed Jun 19 10:46:46 2019,2,correct,5000,25,500,10,0.2,"[50, 50, 150]",0.1405,0.7186,0.4595,0.3502,-0.4937,-0.5326,-2.7573,62
Wed Jun 19 10:48:23 2019,2,correct,5000,25,500,10,0.5,"[50, 50, 150]",0.0433,0.7297,0.2113,0.1772,-0.2415,-0.2893,-1.4128,62
Wed Jun 19 10:50:06 2019,1,correct,5000,25,500,10,0.1,"[50, 50, 50, 150]",0.3222,0.8982,0.7249,0.5405,-0.7636,-0.7859999999999999,-4.2211,62
Wed Jun 19 10:51:49 2019,0,"mae, maxae, ae, correct",5000,25,500,10,0.2,"[50, 50, 50, 150]",0.5058,1.9045,0.9232,0.6822,-0.9642,-0.9716,-5.3045,62
Wed Jun 19 10:53:26 2019,1,correct,5000,25,500,10,0.5,"[50, 50, 50, 150]",0.2972,0.8164,0.6868,0.5159,-0.7286,-0.7543,-4.0374,62
Wed Jun 19 10:54:44 2019,2,"mse, mre, rmse, correct",5000,25,500,10,0.1,[200],0.0049,0.7334,0.0773,0.0616,-0.0375,0.0869,-0.2895,62
Wed Jun 19 10:56:00 2019,2,correct,5000,25,500,10,0.2,[200],0.0135,1.0107,0.115,0.0965,-0.1088,-0.029,-0.6233,62
Wed Jun 19 10:57:20 2019,5,correct,5000,25,500,10,0.5,[200],0.0039,1.0972,0.0726,0.0556,-0.0457,0.0518,-0.2745,62
Wed Jun 19 10:58:47 2019,1,"mse, mre, rmse, correct",5000,25,500,10,0.1,"[200, 150]",0.0051,0.7609,0.0799,0.0639,-0.0412,0.0684,-0.3225,62
Wed Jun 19 11:00:16 2019,1,correct,5000,25,500,10,0.2,"[200, 150]",0.0325,0.7405,0.2176,0.16699999999999998,-0.2319,-0.2728,-1.3218,62
Wed Jun 19 11:01:45 2019,1,correct,5000,25,500,10,0.5,"[200, 150]",0.0189,0.7743,0.1534,0.1222,-0.1649,-0.1927,-0.9466,62
Wed Jun 19 11:03:27 2019,1,"mse, mre, rmse, correct",5000,25,500,10,0.1,"[200, 200, 150]",0.0074,0.9431,0.0936,0.0771,-0.0449,0.0601,-0.4016,62
Wed Jun 19 11:05:09 2019,1,"mse, mre, rmse, correct",5000,25,500,10,0.2,"[200, 200, 150]",0.0061,0.8692,0.0869,0.0695,-0.0252,0.1452,-0.2729,62
Wed Jun 19 11:06:58 2019,1,"mse, mre, rmse, correct",5000,25,500,10,0.5,"[200, 200, 150]",0.0062,0.9307,0.0887,0.0723,-0.0473,0.0114,-0.4111,62
Wed Jun 19 11:09:02 2019,0,"lincor, mae, maxae, ae, correct",5000,25,500,10,0.1,"[200, 200, 200, 150]",0.266,0.7140000000000001,0.6629,0.4928,-0.6958,-0.7363,-3.8767,62
Wed Jun 19 11:11:07 2019,0,"lincor, mae, maxae, ae, correct",5000,25,500,10,0.2,"[200, 200, 200, 150]",0.1467,0.7453,0.4749,0.3602,-0.507,-0.5711,-2.8798,62
Wed Jun 19 11:13:08 2019,0,"lincor, mae, maxae, ae, correct",5000,25,500,10,0.5,"[200, 200, 200, 150]",0.2492,0.7202,0.6459999999999999,0.4784,-0.6755,-0.7149,-3.7593,62
Wed Jun 19 11:14:44 2019,1,correct,5000,25,500,10,0.1,[400],0.0107,1.02,0.1119,0.0893,0.0959,0.9824,0.3518,62
Wed Jun 19 11:16:19 2019,1,correct,5000,25,500,10,0.2,[400],0.0079,0.8705,0.0991,0.0764,0.081,0.8444,0.3123,62
Wed Jun 19 11:17:55 2019,1,correct,5000,25,500,10,0.5,[400],0.0074,0.7112,0.091,0.0742,-0.0678,0.027999999999999997,-0.4334,62
Wed Jun 19 11:19:40 2019,1,correct,5000,25,500,10,0.1,"[400, 150]",0.0095,1.0642,0.1066,0.0854,-0.104,-0.0767,-0.5894,62
Wed Jun 19 11:21:26 2019,1,correct,5000,25,500,10,0.2,"[400, 150]",0.0038,0.7347,0.0717,0.0549,-0.0141,0.1752,-0.1572,62
Wed Jun 19 11:23:13 2019,1,correct,5000,25,500,10,0.5,"[400, 150]",0.0065,0.8358,0.0872,0.0701,-0.068,0.0096,-0.4149,62
Wed Jun 19 11:25:30 2019,0,correct,5000,25,500,10,0.1,"[400, 400, 150]",0.0062,0.9079999999999999,0.0873,0.0718,-0.0438,0.0404,-0.3859,62
Wed Jun 19 11:27:43 2019,0,correct,5000,25,500,10,0.2,"[400, 400, 150]",0.0095,0.7942,0.1046,0.086,-0.0907,-0.0778,-0.6082,62
Wed Jun 19 11:29:55 2019,0,correct,5000,25,500,10,0.5,"[400, 400, 150]",0.0051,0.8904,0.0831,0.0643,0.005,0.2762,-0.1126,62
Wed Jun 19 11:32:34 2019,0,"mse, mre, rmse, correct",5000,25,500,10,0.1,"[400, 400, 400, 150]",0.0099,1.3616,0.1096,0.0935,-0.0469,-0.0004,-0.5206,62
Wed Jun 19 11:35:24 2019,0,"mse, rmse, correct",5000,25,500,10,0.2,"[400, 400, 400, 150]",0.0101,1.4291,0.1176,0.0936,0.0464,0.5495,-0.0232,62
Wed Jun 19 11:38:03 2019,0,correct,5000,25,500,10,0.5,"[400, 400, 400, 150]",0.0191,1.0169,0.1432,0.1214,-0.1427,-0.2039,-0.9608,62
Wed Jun 19 11:39:22 2019,1,correct,5000,25,1000,10,0.1,[50],0.4341,0.5693,0.8491,0.6301,-0.8901,-0.9016,-4.8416,37
Wed Jun 19 11:40:36 2019,0,"mae, maxae, ae, correct",5000,25,1000,10,0.2,[50],0.6859,0.8655,1.0856,0.7979,-1.1278,-1.1055,-6.2073,46
Wed Jun 19 11:41:59 2019,0,"mae, maxae, ae, correct",5000,25,1000,10,0.5,[50],0.6329,0.6476,1.0436,0.7668,-1.0837,-1.0564,-5.9086,37
Wed Jun 19 11:43:25 2019,4,correct,5000,25,1000,10,0.1,"[50, 150]",0.0583,0.8158,0.2692,0.2153,-0.3014,-0.3287,-1.6897,62
Wed Jun 19 12:42:49 2019,0,"mae, maxae, ae, correct",3500,25,250,50,0.1,[50],1.7125,1.129,1.0361,1.2682,-1.7861,-1.7748,-45.0221,69
Wed Jun 19 12:43:19 2019,0,"mae, maxae, ae, correct",3500,25,250,50,0.2,[50],1.5930000000000002,1.243,0.9921,1.2199,-1.7174,-1.6621,-43.2809,61
Wed Jun 19 12:53:27 2019,0,"mae, maxae, ae, correct",3500,25,250,50,0.5,[50],1.5930000000000002,1.2429999999999999,0.9921,1.2199,-1.7174,-1.6621,-43.2809,61
Wed Jun 19 13:01:36 2019,0,"mae, maxae, ae, correct",3500,25,250,50,0.5,[50],1.5930000000000002,1.243,0.9921,1.2199,-1.7174,-1.6621,-43.2809,61
Wed Jun 19 13:01:49 2019,0,"mae, maxae, ae, correct",3500,25,250,50,0.5,[50],1.5930000000000002,1.2429999999999999,0.9921,1.2199,-1.7174,-1.6621,-43.2809,61
Wed Jun 19 13:02:29 2019,0,"mae, maxae, ae, correct",3500,25,250,50,0.5,[50],1.5930000000000002,1.243,0.9921,1.2199,-1.7174,-1.6621,-43.2809,61
Wed Jun 19 13:03:12 2019,0,"mae, maxae, ae, correct",3500,25,250,50,0.5,[50],1.5930000000000002,1.2429999999999999,0.9921,1.2199,-1.7174,-1.6621,-43.2809,61
Wed Jun 19 13:05:39 2019,0,"mae, maxae, ae, correct",3500,25,250,50,0.5,[50],1.5930000000000002,1.243,0.9921,1.2199,-1.7174,-1.6621,-43.2809,61
Wed Jun 19 13:07:55 2019,0,"mae, maxae, ae, correct",3500,25,250,50,0.1,[50],1.3235,0.4012,0.8901,1.1072,-1.5526,-1.0753,-38.1554,30
Wed Jun 19 13:08:25 2019,0,"mae, maxae, ae, correct",3500,25,250,50,0.2,[50],1.6492,0.418,1.0127,1.2442,-1.7483,-1.2427,-43.42100000000001,30
Wed Jun 19 13:08:54 2019,0,"mae, maxae, ae, correct",3500,25,250,50,0.5,[50],1.7458,1.7634,1.0469,1.2808,-1.804,-1.6064,-45.6042,30
Wed Jun 19 13:09:29 2019,6,"mse, mre, rmse, correct",3500,25,250,50,0.1,"[50, 150]",0.1149,2.0106,0.2032,0.2893,-0.373,-0.2137,-8.8867,61
Wed Jun 19 13:10:04 2019,2,correct,3500,25,250,50,0.2,"[50, 150]",0.3387,0.632,0.3939,0.5319,-0.7282,-0.5043,-16.8423,38
Wed Jun 19 13:10:39 2019,0,"lincor, mae, maxae, ae, correct",3500,25,250,50,0.5,"[50, 150]",1.1293,0.3986,0.8133,1.0188,-1.4266,-1.1016,-34.6077,30
Wed Jun 19 13:11:17 2019,1,correct,3500,25,250,50,0.1,"[50, 50, 150]",0.293,1.0995,0.3575,0.485,-0.6697,-0.738,-17.2171,69
Wed Jun 19 13:11:56 2019,2,"mse, mre, rmse, correct",3500,25,250,50,0.2,"[50, 50, 150]",0.2064,0.9026,0.2828,0.3965,-0.5369,-0.6828,-14.3215,69
Wed Jun 19 13:12:34 2019,1,correct,3500,25,250,50,0.5,"[50, 50, 150]",0.4031,1.0922,0.4448,0.5847,-0.8129,-0.7877,-20.157,69
Wed Jun 19 13:13:39 2019,2,"mse, mre, rmse, correct",3500,25,250,50,0.1,"[50, 50, 50, 150]",0.3118,0.7644,0.3612,0.5004,-0.6755,-1.0183,-19.0573,69
Wed Jun 19 13:14:22 2019,7,correct,3500,25,250,50,0.2,"[50, 50, 50, 150]",0.2586,0.8843,0.3515,0.4654,-0.6395,-0.6939,-15.789000000000001,76
Wed Jun 19 13:15:04 2019,1,correct,3500,25,250,50,0.5,"[50, 50, 50, 150]",0.6784,1.0936,0.6075,0.7757,-1.0865,-1.0663,-27.1768,69
Wed Jun 19 13:15:37 2019,6,correct,3500,25,250,50,0.1,[200],0.0794,2.2753,0.1775,0.2429,-0.2634,0.8321,-6.0483,61
Wed Jun 19 13:16:08 2019,1,correct,3500,25,250,50,0.2,[200],0.125,1.2659,0.2014,0.2938,-0.3803,-0.3823,-10.1512,69
Wed Jun 19 13:16:40 2019,0,"lincor, mae, maxae, ae, correct",3500,25,250,50,0.5,[200],1.4935,0.37799999999999995,0.9583,1.1831,-1.6578,-1.1591,-40.2091,30
Wed Jun 19 13:17:19 2019,2,correct,3500,25,250,50,0.1,"[200, 150]",0.271,0.8370000000000001,0.3552,0.4754,-0.6485,-0.4312,-15.0584,38
Wed Jun 19 13:17:57 2019,5,"mse, mre, rmse, correct",3500,25,250,50,0.2,"[200, 150]",0.0633,2.8347,0.163,0.222,-0.1972,1.5659,-4.7726,53
Wed Jun 19 13:18:34 2019,1,correct,3500,25,250,50,0.5,"[200, 150]",0.1611,1.7803,0.2494,0.3491,-0.4688,-0.3683,-11.4618,69
Wed Jun 19 13:19:21 2019,0,correct,3500,25,250,50,0.1,"[200, 200, 150]",0.2478,1.2495,0.3287,0.4456,-0.6126,-0.6345,-15.6225,76
Wed Jun 19 13:20:07 2019,2,correct,3500,25,250,50,0.2,"[200, 200, 150]",0.1441,1.0979,0.2349,0.3307,-0.4379,-0.3664,-10.3175,53
Wed Jun 19 13:20:53 2019,2,correct,3500,25,250,50,0.5,"[200, 200, 150]",0.1297,1.2754,0.217,0.307,-0.4035,-0.3901,-10.0676,61
Wed Jun 19 13:21:45 2019,0,"mse, mre, rmse, correct",3500,25,250,50,0.1,"[200, 200, 200, 150]",0.1492,0.8399,0.244,0.3387,-0.4465,-0.6423,-12.0383,69
Wed Jun 19 13:22:38 2019,0,correct,3500,25,250,50,0.2,"[200, 200, 200, 150]",0.3299,0.9537,0.4104,0.5328,-0.7378,-0.7753,-18.3119,76
Wed Jun 19 13:23:30 2019,0,correct,3500,25,250,50,0.5,"[200, 200, 200, 150]",0.3293,0.9028,0.4186,0.5364,-0.7423,-0.7915,-18.4114,76
Wed Jun 19 13:24:07 2019,4,correct,3500,25,250,50,0.1,[400],0.0934,1.1456,0.2001,0.2692,0.1122,10.8786,1.2426,69
Wed Jun 19 13:24:48 2019,2,"mse, mre, rmse, correct",3500,25,250,50,0.2,[400],0.0594,1.3951,0.1544,0.2126,-0.1634,2.0825,-4.3044,69
Wed Jun 19 13:25:25 2019,4,"mse, mre, rmse, correct",3500,25,250,50,0.5,[400],0.0578,2.6164,0.1579,0.2177,-0.1323,3.1666,-2.6961,38
Wed Jun 19 13:26:09 2019,0,correct,3500,25,250,50,0.1,"[400, 150]",0.1604,1.8292,0.2448,0.34600000000000003,-0.4644,-0.3987,-11.6081,69
Wed Jun 19 13:26:53 2019,0,correct,3500,25,250,50,0.2,"[400, 150]",0.0603,0.8072,0.1596,0.2271,-0.0875,3.7216,-4.2328,69
Wed Jun 19 13:27:37 2019,0,"mse, mre, rmse, correct",3500,25,250,50,0.5,"[400, 150]",0.0724,0.807,0.1874,0.2419,0.1633,10.3694,1.7073,69
Wed Jun 19 13:28:38 2019,1,"mse, mre, rmse, correct",3500,25,250,50,0.1,"[400, 400, 150]",0.0853,1.3915,0.1647,0.2391,-0.2826,0.0671,-6.7520000000000024,76
Wed Jun 19 13:29:38 2019,0,"mse, mre, rmse, correct",3500,25,250,50,0.2,"[400, 400, 150]",0.0583,0.9702,0.1536,0.2169,-0.111,3.2544,-4.1535,69
Wed Jun 19 13:30:51 2019,1,"mse, mre, rmse, correct",3500,25,250,50,0.5,"[400, 400, 150]",0.0774,1.3817,0.1522,0.2247,-0.2527,0.3288,-6.0504,69
Wed Jun 19 13:32:08 2019,2,"mse, mre, rmse, correct",3500,25,250,50,0.1,"[400, 400, 400, 150]",0.0907,1.0935,0.1733,0.2494,-0.3042,-0.1874,-7.5205,61
Wed Jun 19 13:33:24 2019,2,"mse, mre, rmse, correct",3500,25,250,50,0.2,"[400, 400, 400, 150]",0.0698,1.06,0.1491,0.2161,-0.2303,0.46,-5.9844,76
Wed Jun 19 13:34:41 2019,1,correct,3500,25,250,50,0.5,"[400, 400, 400, 150]",0.2281,0.606,0.3209,0.4342,-0.5871,-0.4757,-13.4736,38
Wed Jun 19 13:35:07 2019,0,"mae, maxae, ae, correct",3500,25,1000,50,0.1,[50],1.422,3.5216,0.9263,1.147,-1.6144,-1.4973,-40.9499,30
Wed Jun 19 13:35:31 2019,0,"lincor, mae, maxae, ae, correct",3500,25,1000,50,0.2,[50],1.5197,1.1644,0.9638,1.1884,-1.6734,-1.7671,-42.8112,69
Wed Jun 19 13:35:55 2019,0,"mae, maxae, ae, correct",3500,25,1000,50,0.5,[50],1.72,1.7235,1.0356,1.2696,-1.788,-1.6073,-45.385,30
Wed Jun 19 13:36:23 2019,0,"mae, maxae, ae, correct",3500,25,1000,50,0.1,"[50, 150]",1.5792,1.1081,0.9891,1.2153,-1.7108,-1.5267,-42.9725,30
Wed Jun 19 13:36:51 2019,0,"mae, maxae, ae, correct",3500,25,1000,50,0.2,"[50, 150]",1.4836,3.5846,0.9521,1.1745,-1.6535,-1.5536,-41.7868,30
Wed Jun 19 13:37:20 2019,0,"mae, maxae, ae, correct",3500,25,1000,50,0.5,"[50, 150]",1.6339,5.8795,1.0064,1.2358,-1.7406,-1.6317,-44.2006,61
Wed Jun 19 13:37:51 2019,0,"mae, maxae, ae, correct",3500,25,1000,50,0.1,"[50, 50, 150]",1.4647,9.2002,0.9440000000000001,1.166,-1.6414,-1.5324,-41.5597,30
Wed Jun 19 14:36:56 2019,9,"mse, mre, rmse, correct",3500,25,1000,50,0.2,"[50, 50, 150]",0.5634,1.3566,0.5505,0.7048,-0.9854,-0.9611,-24.6996,61
Wed Jun 19 14:37:30 2019,0,"mae, maxae, ae, correct",3500,25,1000,50,0.5,"[50, 50, 150]",1.5490000000000002,4.3174,0.9744,1.2007,-1.6907,-1.5981,-42.9933,69
Wed Jun 19 14:38:07 2019,9,"mse, mre, rmse, correct",3500,25,1000,50,0.1,"[50, 50, 50, 150]",0.4324,1.0059,0.459,0.604,-0.8414,-0.9031,-21.269,69
Wed Jun 19 14:38:41 2019,9,"mse, mre, rmse, correct",3500,25,1000,50,0.2,"[50, 50, 50, 150]",0.5158,0.9673,0.5179,0.6698,-0.9352,-0.9594,-23.3948,76
Wed Jun 19 14:39:13 2019,8,correct,3500,25,1000,50,0.5,"[50, 50, 50, 150]",0.4272,0.9345,0.4639,0.6046,-0.8422,-0.9449,-21.4914,69
Wed Jun 19 14:39:40 2019,9,"mse, mre, rmse, correct",3500,25,1000,50,0.1,[200],0.1164,2.0817,0.2032,0.28800000000000003,-0.3723,-0.2813,-9.2602,69
Wed Jun 19 14:40:07 2019,9,"mse, mre, rmse, correct",3500,25,1000,50,0.2,[200],0.1914,1.3254,0.2798,0.387,-0.5235,-0.3773,-12.4685,38
Wed Jun 19 14:40:35 2019,9,"mse, mre, rmse, correct",3500,25,1000,50,0.5,[200],0.0636,1.4628,0.1528,0.21600000000000005,-0.1872,1.2494,-5.8591,69
Wed Jun 19 14:41:06 2019,8,"mre, rmse, correct",3500,25,1000,50,0.1,"[200, 150]",0.0628,1.1056,0.1427,0.2092,-0.16899999999999998,1.6736,-5.0827,76
Wed Jun 19 14:41:37 2019,7,"mse, correct",3500,25,1000,50,0.2,"[200, 150]",0.0642,0.9355,0.1531,0.2213,-0.1449,2.356,-5.1761,69
Wed Jun 19 14:42:10 2019,6,"mre, correct",3500,25,1000,50,0.5,"[200, 150]",0.0602,1.0818,0.1429,0.2056,-0.1797,1.325,-5.1485,76
Wed Jun 19 14:42:47 2019,4,"mse, correct",3500,25,1000,50,0.1,"[200, 200, 150]",0.057999999999999996,0.7946,0.1667,0.2272,0.0097,5.6967,-2.1338,69
Wed Jun 19 14:43:24 2019,5,"mse, mre, rmse, correct",3500,25,1000,50,0.2,"[200, 200, 150]",0.104,1.0547,0.1761,0.2619,-0.3167,-0.3862,-8.7523,69
Wed Jun 19 14:44:00 2019,5,"mse, mre, rmse, correct",3500,25,1000,50,0.5,"[200, 200, 150]",0.1139,1.0616,0.1844,0.2749,-0.3423,-0.3755,-9.242,76
Wed Jun 19 15:02:57 2019,5,"mse, rmse, correct",3500,25,1000,50,0.1,"[200, 200, 200, 150]",0.08,0.8088,0.1755,0.2538,-0.1819,1.2911,-7.1502,69
Wed Jun 19 15:10:08 2019,3,correct,3500,25,1000,50,0.1,"[200, 200, 200, 150]",0.3181,1.0016,0.3991,0.5205,-0.7203,-0.8031,-18.2322,69
Wed Jun 19 15:10:52 2019,6,correct,3500,25,1000,50,0.2,"[200, 200, 200, 150]",0.2811,1.0539,0.3670000000000001,0.4843,-0.6689,-0.7196,-16.8992,76
Wed Jun 19 15:11:35 2019,4,"mse, mre, rmse, correct",3500,25,1000,50,0.5,"[200, 200, 200, 150]",0.1048,0.7797,0.1851,0.2749,-0.3109,-0.6294,-9.6232,69
Wed Jun 19 15:13:04 2019,4,correct,3000,25,1000,50,0.1,"[200, 200, 200, 150]",0.0566,0.7383,0.2546,0.2105,-0.2842,-0.385,-7.44,56
Wed Jun 19 15:14:03 2019,4,"mse, mre, rmse, correct",3000,25,1000,50,0.2,"[200, 200, 200, 150]",0.0216,0.9075,0.1647,0.1353,-0.0483,1.2028,-3.1059,56
Wed Jun 19 15:14:59 2019,3,correct,3000,25,1000,50,0.5,"[200, 200, 200, 150]",0.0813,0.7451,0.3125,0.2549,-0.3515,-0.4312,-8.8799,56
Wed Jun 19 15:15:45 2019,6,correct,3000,25,1000,50,0.1,[400],0.0473,0.6412,0.2736,0.2017,-0.2673,-0.265,-6.5506,60
Wed Jun 19 15:16:30 2019,5,correct,3000,25,1000,50,0.2,[400],0.1238,1.6478,0.394,0.3352,0.3589,17.942999999999994,4.8296,56
Wed Jun 19 15:17:16 2019,5,"mse, mre, rmse, correct",3000,25,1000,50,0.5,[400],0.0155,0.7414,0.1429,0.1122,-0.0026,2.3395,-1.412,56
Wed Jun 19 15:18:06 2019,4,correct,3000,25,1000,50,0.1,"[400, 150]",0.1185,1.4456,0.4255,0.3337,0.3892,19.4621,6.2075,56
Wed Jun 19 15:18:57 2019,4,correct,3000,25,1000,50,0.2,"[400, 150]",0.0579,1.12,0.3044,0.2283,0.2523,12.6174,3.7634,56
Wed Jun 19 15:19:47 2019,4,correct,3000,25,1000,50,0.5,"[400, 150]",0.0347,1.1593,0.2067,0.1725,0.1014,5.6656,-0.2049,56
Wed Jun 19 15:20:57 2019,4,correct,3000,25,1000,50,0.1,"[400, 400, 150]",0.0206,0.8652,0.146,0.1225,-0.1254,0.5759,-3.3736,60
Wed Jun 19 15:22:02 2019,3,correct,3000,25,1000,50,0.2,"[400, 400, 150]",0.1948,1.7038,0.5483,0.4315,0.5199,25.9949,8.748,56
Wed Jun 19 15:23:07 2019,2,"mse, mre, rmse, correct",3000,25,1000,50,0.5,"[400, 400, 150]",0.0145,0.7454,0.1367,0.1112,-0.0507,1.1009,-2.55,56
Wed Jun 19 15:24:29 2019,2,correct,3000,25,1000,50,0.1,"[400, 400, 400, 150]",0.1113,1.612,0.3907,0.321,0.3388,16.9423,4.4274,56
Wed Jun 19 15:25:50 2019,2,correct,3000,25,1000,50,0.2,"[400, 400, 400, 150]",0.0859,1.4609,0.3557,0.2824,0.2928,14.6424,3.7288,56
Wed Jun 19 15:27:10 2019,2,correct,3000,25,1000,50,0.5,"[400, 400, 400, 150]",0.062,0.7816,0.2926,0.2299,-0.3157,-0.4115,-8.017999999999999,56
Wed Jun 19 15:28:51 2019,0,"mae, maxae, ae, correct",3000,100,250,50,0.1,[50],0.5348,0.5112,0.9427,0.6999,-0.9863,-0.774,-24.6861,43
Wed Jun 19 15:30:36 2019,4,correct,3000,100,250,50,0.2,[50],0.0935,1.3676,0.2922,0.2545,-0.3465,-0.2047,-8.1381,56
Wed Jun 19 15:32:16 2019,6,"mre, rmse, correct",3000,100,250,50,0.5,[50],0.0951,1.9332,0.3084,0.2628,-0.3612,-0.2834,-8.622,56
Wed Jun 19 15:34:15 2019,0,"lincor, mae, maxae, ae, correct",3000,100,250,50,0.1,"[50, 150]",0.5205,0.4566,0.9368,0.6933,-0.9757,-0.8416,-23.89,43
Wed Jun 19 15:36:12 2019,2,correct,3000,100,250,50,0.2,"[50, 150]",0.0259,1.0878,0.1596,0.134,-0.1176,1.2165,-3.3125,56
Wed Jun 19 15:38:13 2019,0,"lincor, mae, maxae, ae, correct",3000,100,250,50,0.5,"[50, 150]",0.5493,0.4479,0.9633,0.7125,-1.0029,-0.8521,-24.6338,43
Wed Jun 19 15:40:30 2019,2,correct,3000,100,250,50,0.1,"[50, 50, 150]",0.0236,1.0044,0.2177,0.1398,0.1271,7.6099,2.5356,60
Wed Jun 19 15:42:53 2019,6,correct,3000,100,250,50,0.2,"[50, 50, 150]",0.018000000000000002,1.3317,0.1358,0.1151,-0.1155,0.695,-2.4761,47
Wed Jun 19 15:45:09 2019,2,"mse, mre, rmse, correct",3000,100,250,50,0.5,"[50, 50, 150]",0.0181,1.4797,0.1379,0.1112,-0.0603,1.8965,-1.7294,60
Wed Jun 19 15:47:41 2019,9,correct,3000,100,250,50,0.1,"[50, 50, 50, 150]",0.026,1.0622,0.1597,0.1378,-0.1527,0.5633,-3.3082,47
Wed Jun 19 15:50:03 2019,0,"lincor, mae, maxae, ae, correct",3000,100,250,50,0.2,"[50, 50, 50, 150]",0.46299999999999997,0.4714,0.8712,0.6496,-0.9146,-0.8153,-22.5316,43
Wed Jun 19 15:52:31 2019,0,"mae, maxae, ae, correct",3000,100,250,50,0.5,"[50, 50, 50, 150]",0.5512,0.8270000000000001,0.9621,0.7119,-1.0041,-0.9453,-25.2176,43
Wed Jun 19 15:54:23 2019,9,correct,3000,100,250,50,0.1,[200],0.0095,3.3747,0.1157,0.0907,-0.0296,2.0092,-0.6185,52
Wed Jun 19 15:56:15 2019,3,"mse, mre, rmse, correct",3000,100,250,50,0.2,[200],0.0092,1.1321,0.1122,0.0864,-0.0283,1.7394,-0.8497,56
Wed Jun 19 15:58:06 2019,0,"mae, maxae, ae, correct",3000,100,250,50,0.5,[200],0.5522,0.5416,0.9687,0.7167,-1.005,-0.7144,-24.1132,43
Wed Jun 19 16:00:12 2019,1,correct,3000,100,250,50,0.1,"[200, 150]",0.0197,0.8507,0.1895,0.1276,0.119,6.8322,2.1365,56
Wed Jun 19 16:02:19 2019,9,correct,3000,100,250,50,0.2,"[200, 150]",0.011000000000000001,1.7704,0.121,0.096,-0.0251,2.2922,-0.5775,60
Wed Jun 19 16:04:31 2019,1,"mse, mre, rmse, correct",3000,100,250,50,0.5,"[200, 150]",0.0109,0.9597,0.1158,0.0878,-0.0087,2.2218,-0.5859,56
Wed Jun 19 16:07:06 2019,8,correct,3000,100,250,50,0.1,"[200, 200, 150]",0.0135,1.4522,0.1229,0.1007,-0.0863,0.9025,-1.7708,47
Wed Jun 19 16:09:39 2019,0,"mae, maxae, ae, correct",3000,100,250,50,0.2,"[200, 200, 150]",0.1929,0.583,0.5422,0.417,-0.5743,-0.3798,-12.9396,43
Wed Jun 19 16:12:11 2019,3,"mse, mre, rmse, correct",3000,100,250,50,0.5,"[200, 200, 150]",0.0087,1.7532,0.1099,0.084,-0.0179,1.9893,-0.4276,56
Wed Jun 19 16:15:12 2019,0,correct,3000,100,250,50,0.1,"[200, 200, 200, 150]",0.0178,0.7133,0.1766,0.1207,0.1142,6.4818,2.0929,56
Wed Jun 19 16:18:17 2019,0,"lincor, mae, maxae, ae, correct",3000,100,250,50,0.2,"[200, 200, 200, 150]",0.0941,0.4859,0.3614,0.2856,-0.3898,-0.2531,-8.7269,43
Wed Jun 19 16:21:21 2019,7,correct,3000,100,250,50,0.5,"[200, 200, 200, 150]",0.0148,1.0987,0.1269,0.1053,-0.0979,0.7722,-2.0312,47
Wed Jun 19 16:23:42 2019,1,correct,3000,100,250,50,0.1,[400],0.0325,2.1539,0.1745,0.1524,-0.1837,0.2933,-4.055,56
Wed Jun 19 16:25:52 2019,3,correct,3000,100,250,50,0.2,[400],0.0106,1.3026,0.1192,0.0948,-0.0332,2.0695,-0.6979,60
Wed Jun 19 16:28:00 2019,4,"mse, mre, rmse, correct",3000,100,250,50,0.5,[400],0.011000000000000001,1.8014,0.1211,0.0959,-0.0321,2.1336,-0.6899,60
Wed Jun 19 16:30:33 2019,3,correct,3000,100,250,50,0.1,"[400, 150]",0.0207,0.7070000000000001,0.1592,0.1219,0.1238,6.7066,2.2534,56
Wed Jun 19 16:33:14 2019,3,correct,3000,100,250,50,0.2,"[400, 150]",0.0161,0.6947,0.1431,0.1079,0.0964,5.5752,1.7815,56
Wed Jun 19 16:35:45 2019,0,correct,3000,100,250,50,0.5,"[400, 150]",0.0189,1.8445,0.1484,0.1198,-0.1388,0.1582,-3.2394,43
Wed Jun 19 16:39:15 2019,0,correct,3000,100,250,50,0.1,"[400, 400, 150]",0.013000000000000001,0.961,0.1448,0.1014,0.0496,4.3295,0.9218,56
Wed Jun 19 16:42:45 2019,0,correct,3000,100,250,50,0.2,"[400, 400, 150]",0.1671,1.331,0.5233,0.3957,0.5049,25.2459,9.5344,56
Wed Jun 19 16:46:34 2019,0,correct,3000,100,250,50,0.5,"[400, 400, 150]",0.0533,0.8503,0.3119,0.2156,0.272,13.6025,5.2044,56
Wed Jun 19 17:27:33 2019,3,"mse, mre, rmse, correct",3000,100,250,50,0.1,"[400, 400, 400, 150]",0.009000000000000001,2.3188,0.1095,0.0835,-0.0152,2.0414,-0.3491,47
Fri Jun 21 09:24:51 2019,8,correct,5000,25,500,50,0.1,[50],0.1411,1.1492,0.4078,0.3325,-0.4623,-0.3707,-11.1006,47
Fri Jun 21 09:25:30 2019,9,"mse, mre, rmse, correct",5000,25,500,50,0.2,[50],0.1016,1.5492,0.3126,0.2686,-0.3688,-0.273,-8.7849,47
Fri Jun 21 09:26:26 2019,2,"mse, mre, rmse, correct",5000,25,500,50,0.1,"[50, 50, 50, 150]",0.0343,0.8157,0.187,0.162,-0.1464,0.5232,-5.176,56
Fri Jun 21 09:27:23 2019,2,correct,5000,25,500,50,0.2,"[50, 50, 50, 150]",0.1944,0.6576,0.5367,0.4119,-0.5774,-0.6253,-14.3335,56
Fri Jun 21 09:28:07 2019,2,"mse, mre, rmse, correct",5000,25,500,50,0.1,[200],0.0135,0.7351,0.1377,0.1044,0.009000000000000001,2.6283,-0.9423,56
Fri Jun 21 09:28:50 2019,2,correct,5000,25,500,50,0.2,[200],0.0255,0.9328,0.1933,0.1483,0.1144,6.3104,0.8893,56
Fri Jun 21 09:29:59 2019,4,correct,5000,25,500,50,0.1,"[200, 200, 200, 150]",0.0226,0.7776,0.1576,0.1319,-0.1528,0.1466,-4.0655,56
Fri Jun 21 09:31:08 2019,1,correct,5000,25,500,50,0.2,"[200, 200, 200, 150]",0.0728,0.7809,0.2861,0.2374,-0.3258,-0.3703,-8.0508,56
Fri Jun 21 09:31:59 2019,1,correct,5000,25,500,50,0.1,[400],0.095,1.3784,0.3527,0.2919,0.3244,16.2188,4.7689,56
Fri Jun 21 09:32:50 2019,1,correct,5000,25,500,50,0.2,[400],0.2976,2.1494,0.6085,0.5199,0.6087,30.4338,9.6969,56
Fri Jun 21 09:34:32 2019,0,correct,5000,25,500,50,0.1,"[400, 400, 400, 150]",0.1107,1.4991,0.4141,0.3231,0.363,18.1477,5.3955,56
Fri Jun 21 09:36:26 2019,0,correct,5000,25,500,50,0.2,"[400, 400, 400, 150]",0.1074,1.4496,0.4149,0.3181,0.3616,18.0791,5.5109,56
Fri Jun 21 09:37:06 2019,0,"lincor, mae, maxae, ae, correct",5000,25,1000,50,0.1,[50],0.6482,0.6909,1.052,0.7747,-1.0923,-1.2517,-28.3281,56
Fri Jun 21 09:37:45 2019,0,"mae, maxae, ae, correct",5000,25,1000,50,0.2,[50],0.5588,1.3869,0.9671,0.7162,-1.0103,-0.9356,-25.5684,43
Fri Jun 21 09:38:40 2019,8,correct,5000,25,1000,50,0.1,"[50, 50, 50, 150]",0.1662,0.6549,0.4932,0.3801,-0.5319,-0.5886,-13.1955,60
Fri Jun 21 09:39:35 2019,5,correct,5000,25,1000,50,0.2,"[50, 50, 50, 150]",0.0589,0.6847,0.246,0.2093,-0.2704,-0.4244,-7.6148,56
Fri Jun 21 09:40:22 2019,6,correct,5000,25,1000,50,0.1,[200],0.0182,0.8117,0.1584,0.1238,0.0715,4.6883,0.2086,56
Fri Jun 21 09:41:08 2019,0,"mae, maxae, ae, correct",5000,25,1000,50,0.2,[200],0.5433,1.136,0.9518,0.7056,-0.9953,-1.0131,-25.1446,56
Fri Jun 21 09:42:19 2019,6,correct,5000,25,1000,50,0.1,"[200, 200, 200, 150]",0.0459,0.7358,0.2162,0.1837,-0.2407,-0.2651,-6.0403,60
Fri Jun 21 09:43:26 2019,9,correct,5000,25,1000,50,0.2,"[200, 200, 200, 150]",0.0374,0.7949,0.2062,0.1708,-0.2244,-0.2605,-5.5136,60
Fri Jun 21 09:44:17 2019,3,correct,5000,25,1000,50,0.1,[400],0.0643,1.1567,0.3074,0.2406,0.2681,13.4033,4.0295,56
Fri Jun 21 09:45:08 2019,3,correct,5000,25,1000,50,0.2,[400],0.3139,2.2055,0.6239,0.5336,0.6233,31.1657,9.8875,56
Fri Jun 21 09:46:46 2019,1,correct,5000,25,1000,50,0.1,"[400, 400, 400, 150]",0.0647,1.1967,0.3249,0.2431,0.2648,13.238,3.8392,56
Fri Jun 21 09:48:26 2019,1,correct,5000,25,1000,50,0.2,"[400, 400, 400, 150]",0.0979,1.4102,0.392,0.3027,0.3411,17.053,5.1189,56
Fri Jun 21 09:50:15 2019,9,"mse, mre, rmse, correct",5000,100,500,50,0.1,[50],0.0606,1.1023,0.2218,0.1971,-0.2414,0.4164,-5.66,52
Fri Jun 21 09:52:14 2019,0,"mae, maxae, ae, correct",5000,100,500,50,0.2,[50],0.4726,0.4729,0.8758,0.6547,-0.9218,-0.7314,-22.8779,43
Fri Jun 21 09:54:57 2019,0,"lincor, mae, maxae, ae, correct",5000,100,500,50,0.1,"[50, 50, 50, 150]",0.4664,0.4654,0.8788,0.6537,-0.9199,-0.8144,-22.553,43
Fri Jun 21 09:57:34 2019,9,correct,5000,100,500,50,0.2,"[50, 50, 50, 150]",0.0192,0.7975,0.1412,0.1196,-0.1285,0.5048,-2.7475,47
Fri Jun 21 09:59:36 2019,8,correct,5000,100,500,50,0.1,[200],0.0111,1.5388,0.12300000000000001,0.09699999999999999,-0.0193,2.5037,-0.4231,60
Fri Jun 21 10:01:42 2019,2,correct,5000,100,500,50,0.2,[200],0.044,0.8288,0.2788,0.1931,0.2413,12.0633,4.5654,56
Fri Jun 21 10:05:14 2019,0,"mae, maxae, ae, correct",5000,100,500,50,0.1,"[200, 200, 200, 150]",0.1831,0.5253,0.5114,0.3992,-0.5521,-0.3886,-12.6611,43
Fri Jun 21 10:08:44 2019,4,correct,5000,100,500,50,0.2,"[200, 200, 200, 150]",0.0169,1.0985,0.1328,0.1122,-0.1113,0.6816,-2.3186,47
Fri Jun 21 10:11:16 2019,1,correct,5000,100,500,50,0.1,[400],0.2729,1.6333,0.6824,0.5127,0.6579,32.896,12.4906,56
Fri Jun 21 10:13:50 2019,4,correct,5000,100,500,50,0.2,[400],0.0125,2.0638,0.1241,0.0997,0.0118,3.3317,0.1201,65
Fri Jun 21 10:20:51 2019,0,"mae, maxae, ae, correct",5000,25,500,50,0.1,[50],0.6188,0.8005,1.0270000000000001,0.7565,-1.0674,-1.1724,-27.34,56
Fri Jun 21 10:22:16 2019,9,correct,5000,25,500,50,0.2,[50],0.0646,1.6998,0.2514,0.2159,-0.2909,-0.1943,-6.7841,56
Fri Jun 21 10:22:57 2019,0,"lincor, mae, maxae, ae, correct",5000,25,500,50,0.4,[50],0.5666,0.4468,0.9765,0.7231,-1.0174,-0.7654,-25.0761,43
Fri Jun 21 10:23:54 2019,2,"mse, mre, rmse, correct",5000,25,500,50,0.1,"[50, 50, 50, 150]",0.0428,0.7325,0.2041,0.1755,-0.1872,0.3453,-5.8023,56
Fri Jun 21 10:24:50 2019,3,"mse, mre, rmse, correct",5000,25,500,50,0.2,"[50, 50, 50, 150]",0.0363,0.7459,0.1984,0.17,-0.1943,-0.1682,-6.1145,56
Fri Jun 21 10:25:48 2019,3,"mse, mre, rmse, correct",5000,25,500,50,0.4,"[50, 50, 50, 150]",0.0475,0.8206,0.2237,0.1939,-0.2229,-0.301,-7.1531,56
Fri Jun 21 10:26:32 2019,9,"mse, correct",5000,25,500,50,0.1,[200],0.0118,2.1630000000000003,0.1249,0.0983,-0.0713,1.143,-1.7411,60
Fri Jun 21 10:27:16 2019,2,"mse, mre, rmse, correct",5000,25,500,50,0.2,[200],0.0176,0.9016,0.1367,0.1117,-0.0871,1.106,-2.6645,60
Fri Jun 21 10:27:59 2019,3,correct,5000,25,500,50,0.4,[200],0.021,1.0126,0.1459,0.1224,-0.1177,0.7832,-3.3109,56
Fri Jun 21 10:29:14 2019,6,correct,5000,25,500,50,0.1,"[200, 200, 200, 150]",0.0342,0.8467,0.1963,0.1629,-0.2124,-0.2217,-5.1825,60
Fri Jun 21 10:30:26 2019,4,correct,5000,25,500,50,0.2,"[200, 200, 200, 150]",0.0257,0.9039,0.1687,0.1408,-0.1725,0.0039,-4.4162,56
Fri Jun 21 10:31:36 2019,1,"mse, mre, rmse, correct",5000,25,500,50,0.4,"[200, 200, 200, 150]",0.0181,0.8831,0.1599,0.1253,0.0161,2.8092,-1.3714,56
Fri Jun 21 10:32:34 2019,1,correct,5000,25,500,50,0.1,[400],0.2227,1.8794,0.5226,0.4463,0.5205,26.0258,8.2537,56
Fri Jun 21 10:33:31 2019,5,correct,5000,25,500,50,0.2,[400],0.0115,2.4472,0.1187,0.0952,-0.0688,1.081,-1.6436,60
Fri Jun 21 10:34:27 2019,1,correct,5000,25,500,50,0.4,[400],0.0948,1.2902,0.3685,0.2933,0.3417,17.0833,5.4818,56
Fri Jun 21 10:36:18 2019,8,correct,5000,25,500,50,0.1,"[400, 400, 400, 150]",0.0181,0.9652,0.1398,0.1167,-0.1239,0.4401,-3.0225,60
Fri Jun 21 10:38:10 2019,9,correct,5000,25,500,50,0.2,"[400, 400, 400, 150]",0.0128,0.9895,0.121,0.0978,-0.0797,0.8207,-1.9624,60
Fri Jun 21 10:39:58 2019,0,correct,5000,25,500,50,0.4,"[400, 400, 400, 150]",0.04,1.0468,0.2567,0.1886,0.1805,9.2777,2.2033,56
Fri Jun 21 10:40:37 2019,0,"lincor, mae, maxae, ae, correct",5000,25,1000,50,0.1,[50],0.5033,0.4472,0.9119,0.6789,-0.9548,-0.7556,-23.3657,43
Fri Jun 21 10:41:14 2019,0,"mae, maxae, ae, correct",5000,25,1000,50,0.2,[50],0.5431,0.8295,0.9496,0.7047,-0.9939,-1.0992,-25.3891,56
Fri Jun 21 10:41:53 2019,0,"mae, maxae, ae, correct",5000,25,1000,50,0.4,[50],0.5008,1.4242,0.9053,0.6745,-0.9514,-0.9782,-24.180999999999997,56
Fri Jun 21 10:42:45 2019,5,correct,5000,25,1000,50,0.1,"[50, 50, 50, 150]",0.1495,0.7421,0.4414,0.3504,-0.4897,-0.5428,-12.255,56
Fri Jun 21 10:43:36 2019,4,correct,5000,25,1000,50,0.2,"[50, 50, 50, 150]",0.1917,0.7109,0.5275,0.4069,-0.5705,-0.6671,-14.5293,56
Fri Jun 21 10:44:28 2019,6,"mse, mre, rmse, correct",5000,25,1000,50,0.4,"[50, 50, 50, 150]",0.0492,0.722,0.2226,0.191,-0.2279,-0.1549,-6.8319,56
Fri Jun 21 10:45:09 2019,5,"mse, mre, rmse, correct",5000,25,1000,50,0.1,[200],0.0172,0.8903,0.1406,0.1149,-0.1226,0.322,-3.377,56
Fri Jun 21 10:45:51 2019,5,"mse, mre, rmse, correct",5000,25,1000,50,0.2,[200],0.0148,0.6861,0.1374,0.1107,-0.0809,0.6539,-3.0349,56
Fri Jun 21 10:46:32 2019,5,correct,5000,25,1000,50,0.4,[200],0.0241,0.8741,0.1626,0.1355,-0.1554,0.2541,-4.2666,60
Fri Jun 21 10:47:38 2019,2,"mse, mre, rmse, correct",5000,25,1000,50,0.1,"[200, 200, 200, 150]",0.024,0.9213,0.175,0.1433,-0.0317,1.9304,-2.7721,56
Fri Jun 21 10:48:50 2019,2,correct,5000,25,1000,50,0.2,"[200, 200, 200, 150]",0.0738,0.7247,0.3288,0.254,-0.3508,-0.4533,-8.8718,56
Fri Jun 21 10:50:05 2019,2,"mse, mre, rmse, correct",5000,25,1000,50,0.4,"[200, 200, 200, 150]",0.0181,0.8168,0.1674,0.1247,0.0433,4.0378,-0.3933,56
Fri Jun 21 10:51:03 2019,3,correct,5000,25,1000,50,0.1,[400],0.3129,2.1249,0.634,0.5335,0.635,31.7513,10.4301,56
Fri Jun 21 10:51:53 2019,3,correct,5000,25,1000,50,0.2,[400],0.4274,2.5540000000000003,0.7494,0.6332,0.745,37.2514,11.9542,56
Fri Jun 21 10:52:48 2019,3,correct,5000,25,1000,50,0.4,[400],0.0764,1.3509,0.3081,0.259,0.2678,13.3913,3.4245,56
Fri Jun 21 10:54:31 2019,1,correct,5000,25,1000,50,0.1,"[400, 400, 400, 150]",0.1069,1.5247,0.3919,0.3147,0.3446,17.2319,4.8668,56
Fri Jun 21 10:56:17 2019,7,correct,5000,25,1000,50,0.2,"[400, 400, 400, 150]",0.0208,0.8323,0.1459,0.1234,-0.1286,0.5771,-3.0453,60
Fri Jun 21 10:57:59 2019,1,correct,5000,25,1000,50,0.4,"[400, 400, 400, 150]",0.0703,1.2881,0.3319,0.2541,0.272,13.5987,3.7517,56
Fri Jun 21 10:59:52 2019,6,correct,5000,100,500,50,0.1,[50],0.0463,1.334,0.1983,0.1766,-0.2119,0.4355,-4.6562,56
Fri Jun 21 11:01:58 2019,6,correct,5000,100,500,50,0.2,[50],0.1159,1.9179,0.3399,0.2892,-0.3993,-0.2974,-9.6054,52
Fri Jun 21 11:03:51 2019,0,"mae, maxae, ae, correct",5000,100,500,50,0.4,[50],0.4867,1.0183,0.8902,0.6644,-0.9367,-0.8505,-23.6031,43
Fri Jun 21 11:06:23 2019,2,"mse, rmse, correct",5000,100,500,50,0.1,"[50, 50, 50, 150]",0.0175,1.6167,0.1697,0.1164,0.0418,4.7443,0.823,56
Fri Jun 21 11:08:55 2019,2,correct,5000,100,500,50,0.2,"[50, 50, 50, 150]",0.02,1.0341,0.1875,0.1254,0.0558,5.4091,1.0752,56
Fri Jun 21 11:11:26 2019,6,correct,5000,100,500,50,0.4,"[50, 50, 50, 150]",0.0314,1.0586,0.1724,0.1499,-0.1771,0.3728,-3.9071,47
Fri Jun 21 11:13:22 2019,2,correct,5000,100,500,50,0.1,[200],0.0353,0.8113,0.226,0.1696,0.2028,10.1376,3.6043,56
Fri Jun 21 11:15:22 2019,0,"lincor, mae, maxae, ae, correct",5000,100,500,50,0.2,[200],0.5795,0.4572,0.9918,0.7321,-1.0316,-0.9134,-25.594,43
Fri Jun 21 11:17:24 2019,2,correct,5000,100,500,50,0.4,[200],0.0168,0.7228,0.1619,0.1169,0.0988,5.7399,1.4249,56
Fri Jun 21 11:20:56 2019,4,"mse, mre, rmse, correct",5000,100,500,50,0.1,"[200, 200, 200, 150]",0.0085,1.035,0.1112,0.0829,0.0133,2.7132,0.2382,56
Fri Jun 21 11:24:26 2019,3,"mse, mre, rmse, correct",5000,100,500,50,0.2,"[200, 200, 200, 150]",0.0087,1.2594,0.1097,0.0825,0.0053,2.4994,0.0792,56
Fri Jun 21 11:27:55 2019,1,"rmse, correct",5000,100,500,50,0.4,"[200, 200, 200, 150]",0.0099,1.4934,0.113,0.0858,-0.0009,2.3449,-0.3681,60
Fri Jun 21 11:30:32 2019,8,correct,5000,100,500,50,0.1,[400],0.0106,2.1442,0.1194,0.0937,-0.0271,2.1727,-0.5964,60
Fri Jun 21 11:33:04 2019,1,correct,5000,100,500,50,0.2,[400],0.2883,1.7102,0.6806,0.5227,0.6661,33.3028,12.4621,56
Fri Jun 21 11:35:44 2019,1,correct,5000,100,500,50,0.4,[400],0.2326,1.5266,0.5934,0.4622,0.5897,29.4864,11.1004,56
Fri Jun 21 12:15:19 2019,0,correct,5000,100,500,50,0.1,"[300, 300, 300, 150]",0.1667,1.0729,0.5768,0.4002,0.5341,26.7035,11.1002,56
Fri Jun 21 12:19:43 2019,0,correct,5000,100,500,50,0.2,"[300, 300, 300, 150]",0.0115,1.1172,0.1304,0.0948,0.0323,3.5346,0.3553,60
Fri Jun 21 12:24:05 2019,0,correct,5000,100,500,50,0.4,"[300, 300, 300, 150]",0.0285,0.7054,0.2321,0.1524,0.1789,9.209,3.5327,56
Fri Jun 21 12:25:46 2019,0,"mae, maxae, ae, correct",5000,100,1000,50,0.1,[50],0.6051,1.3859,1.0143,0.7477,-1.0551,-1.0788,-26.8803,56
Fri Jun 21 12:27:23 2019,0,"mae, maxae, ae, correct",5000,100,1000,50,0.2,[50],0.6416,0.6418,1.052,0.7726,-1.0899,-1.0379,-27.3413,43
Fri Jun 21 12:29:01 2019,0,"mae, maxae, ae, correct",5000,100,1000,50,0.4,[50],0.6169,1.1826,1.0262,0.7557,-1.0663,-0.9752,-26.9633,43
Fri Jun 21 12:31:19 2019,9,correct,5000,100,1000,50,0.1,"[50, 50, 50, 150]",0.0503,0.8777,0.2111,0.1855,-0.2352,0.1519,-5.3527,47
Fri Jun 21 12:33:40 2019,5,"mse, mre, rmse, correct",5000,100,1000,50,0.2,"[50, 50, 50, 150]",0.0379,1.7612,0.1844,0.1594,-0.1714,0.7866,-4.5697,56
Fri Jun 21 12:35:56 2019,5,"mse, rmse, correct",5000,100,1000,50,0.4,"[50, 50, 50, 150]",0.0222,1.6447,0.1802,0.13,-0.0032,4.0916,-0.2959,52
Fri Jun 21 12:37:46 2019,6,correct,5000,100,1000,50,0.1,[200],0.1009,1.0949,0.4167,0.306,0.3897,19.4855,7.3694,56
Fri Jun 21 12:39:37 2019,0,"mae, maxae, ae, correct",5000,100,1000,50,0.2,[200],0.5511,2.4706,0.9591,0.7107,-1.0027,-1.0057,-25.4776,56
Fri Jun 21 12:41:27 2019,5,"mse, mre, rmse, correct",5000,100,1000,50,0.4,[200],0.0093,0.7099,0.113,0.0872,0.0035,2.4908,-0.4144,56
Fri Jun 21 12:49:12 2019,5,correct,5000,100,750,50,0.2,[200],0.0505,0.8756,0.2895,0.2099,0.2613,13.0653,4.8458,56
Fri Jun 21 12:51:09 2019,5,correct,5000,100,750,50,0.4,[200],0.0218,1.4356,0.1483,0.1254,-0.1325,0.5785,-3.4202,60
Sat Jul  6 11:21:16 2019,8,correct,5000,50,250,50,0.0,"[50, 50, 150]",0.0202,1.1464,0.1432,0.1223,-0.1262,0.6753,-2.6775,47
Sat Jul  6 11:24:26 2019,9,correct,5000,50,250,50,0.2,"[50, 50, 150]",0.0152,1.2932,0.128,0.1066,-0.0986,0.8109,-2.0563,47
Sat Jul  6 11:27:53 2019,2,"mse, rmse, correct",5000,50,250,50,0.0,"[200, 200, 150]",0.0086,1.8543,0.1121,0.0838,0.0138,2.8202,0.2741,65
Sat Jul  6 11:31:37 2019,1,"mae, maxae, ae, correct",5000,50,250,50,0.2,"[200, 200, 150]",0.0303,1.4169,0.1688,0.1476,-0.1731,0.3769,-3.7289,47
Sat Jul  6 11:34:45 2019,1,"mse, mre, rmse, correct",5000,50,250,50,0.0,"[300, 300, 150]",0.0101,2.8326,0.1128,0.0894,-0.0538,1.2614,-1.2229,47
Sat Jul  6 11:37:01 2019,0,"lincor, mae, maxae, ae, correct",5000,50,250,50,0.2,"[300, 300, 150]",0.0969,0.5464,0.3579,0.2885,-0.3887,-0.20600000000000002,-8.3795,43
Sat Jul  6 11:38:20 2019,5,correct,5000,50,500,50,0.0,"[50, 50, 150]",0.0454,2.3932,0.2015,0.1764,-0.2191,0.2445,-5.0575,47
Sat Jul  6 11:39:40 2019,2,"rmse, correct",5000,50,500,50,0.2,"[50, 50, 150]",0.0174,1.5504,0.1391,0.1096,-0.0486,2.1462,-1.3911,56
Sat Jul  6 11:41:10 2019,1,correct,5000,50,500,50,0.0,"[200, 200, 150]",0.0125,1.0391,0.1272,0.0944,0.0046,2.8075,-0.2988,56
Sat Jul  6 11:42:53 2019,4,"mse, mre, rmse, correct",5000,50,500,50,0.2,"[200, 200, 150]",0.0085,1.236,0.1108,0.0827,0.0021,2.44,-0.0245,56
Sat Jul  6 11:44:47 2019,3,"mre, correct",5000,50,500,50,0.0,"[300, 300, 150]",0.0095,1.1548,0.11,0.084,-0.0194,1.9439,-0.6064,56
Sat Jul  6 11:46:45 2019,5,"mse, rmse, correct",5000,50,500,50,0.2,"[300, 300, 150]",0.0089,1.0762,0.1148,0.0846,0.0198,2.9567,0.3403,52
Sat Jul  6 11:47:57 2019,5,correct,5000,50,750,50,0.0,"[50, 50, 150]",0.0223,1.0437,0.2078,0.1355,0.1307,7.4728,2.5376,56
Sat Jul  6 11:49:14 2019,4,correct,5000,50,750,50,0.2,"[50, 50, 150]",0.067,1.3295,0.2574,0.2192,-0.2942,-0.294,-7.6568,56
Sat Jul  6 11:50:44 2019,2,correct,5000,50,750,50,0.0,"[200, 200, 150]",0.1291,1.1616,0.4769,0.3488,0.4486,22.4296,8.6265,56
Sat Jul  6 11:52:24 2019,5,correct,5000,50,750,50,0.2,"[200, 200, 150]",0.011000000000000001,1.9519,0.1129,0.0882,-0.040999999999999995,1.5805,-1.0998,60
Sat Jul  6 11:54:10 2019,1,correct,5000,50,750,50,0.0,"[300, 300, 150]",0.0714,0.9072,0.3669,0.2537,0.3263,16.3158,6.3762,56
Sat Jul  6 11:56:00 2019,4,correct,5000,50,750,50,0.2,"[300, 300, 150]",0.0103,1.6268,0.1189,0.0876,0.0199,3.0204,0.3745,60
Sat Jul  6 12:03:22 2019,4,correct,5000,50,250,100,0.0,"[50, 50, 150]",0.0192,6.9511,0.1291,0.1161,-0.1116,1.0092,-4.4213,63
Sat Jul  6 12:04:48 2019,5,"mse, mre, rmse, correct",5000,50,250,100,0.2,"[50, 50, 150]",0.0114,2.5943,0.1112,0.0936,-0.0455,2.3291,-1.7394,72
Sat Jul  6 12:06:19 2019,0,correct,5000,50,250,100,0.0,"[200, 200, 150]",0.0218,1.2583,0.1573,0.1286,-0.0628,4.4696,-2.7848,72
Sat Jul  6 12:08:04 2019,2,"mse, rmse, correct",5000,50,250,100,0.2,"[200, 200, 150]",0.0106,1.965,0.1179,0.0939,0.0017,5.0933,0.2717,90
Sat Jul  6 12:09:53 2019,1,"mse, rmse, correct",5000,50,250,100,0.0,"[300, 300, 150]",0.0125,1.4691,0.1295,0.102,0.0082,5.9812,0.958,63
Sat Jul  6 12:11:58 2019,1,correct,5000,50,250,100,0.2,"[300, 300, 150]",0.019,1.8961,0.1806,0.1271,0.1097,12.845999999999998,3.7778,72
Sat Jul  6 12:13:06 2019,3,"mse, rmse, correct",5000,50,500,100,0.0,"[50, 50, 150]",0.0186,1.12,0.1762,0.1243,0.0546,9.6178,1.6161,90
Sat Jul  6 12:14:16 2019,2,correct,5000,50,500,100,0.2,"[50, 50, 150]",0.0785,1.1604,0.2694,0.2369,-0.312,-0.2431,-14.1213,36
Sat Jul  6 12:15:42 2019,1,correct,5000,50,500,100,0.0,"[200, 200, 150]",0.022,1.9469,0.1788,0.134,-0.0121,7.2924,-1.3625,90
Sat Jul  6 12:18:33 2019,3,correct,5000,50,250,25,0.0,"[50, 50, 150]",0.0214,1.1542,0.1446,0.1222,-0.1413,0.1507,-1.6703,45
Sat Jul  6 12:20:31 2019,2,correct,5000,50,250,25,0.2,"[50, 50, 150]",0.0314,0.7475,0.1863,0.1539,-0.2066,-0.1573,-2.5104,45
Sat Jul  6 12:22:36 2019,0,correct,5000,50,250,25,0.0,"[200, 200, 150]",0.0103,1.341,0.1109,0.0843,-0.0277,0.9161,-0.3925,63
Sat Jul  6 12:24:53 2019,3,"mse, mre, correct",5000,50,250,25,0.2,"[200, 200, 150]",0.0057,2.9265,0.0881,0.0663,-0.0191,0.7586,-0.1889,52
Sat Jul  6 12:27:19 2019,1,"mse, mre, rmse, correct",5000,50,250,25,0.0,"[300, 300, 150]",0.0056,1.9481,0.0879,0.065,0.0018,1.0066,0.0317,60
Sat Jul  6 12:29:53 2019,2,correct,5000,50,250,25,0.2,"[300, 300, 150]",0.0084,1.0817,0.1009,0.0807,-0.068,0.3817,-0.7297,47
Sat Jul  6 12:31:36 2019,2,correct,5000,50,500,25,0.0,"[50, 50, 150]",0.0188,1.0707,0.1412,0.1127,-0.0734,0.7984,-1.0623,60
Sat Jul  6 12:33:16 2019,2,"mse, mre, rmse, correct",5000,50,500,25,0.2,"[50, 50, 150]",0.0169,0.9167,0.1341,0.1063,-0.0642,0.8381,-0.8319,50
Sat Jul  6 12:35:09 2019,3,correct,5000,50,500,25,0.0,"[200, 200, 150]",0.0065,1.1581,0.0976,0.0695,0.0389,1.5477,0.444,63
Sat Jul  6 12:37:20 2019,4,correct,5000,50,500,25,0.2,"[200, 200, 150]",0.0056,1.4209,0.0883,0.0652,0.0086,1.0918,0.1026,60
Sat Jul  6 12:39:37 2019,3,correct,5000,50,500,25,0.0,"[300, 300, 150]",0.0057,1.7596,0.0884,0.0658,-0.0051,0.9312,-0.0617,60
Sat Jul  6 12:42:00 2019,2,correct,5000,50,500,25,0.2,"[300, 300, 150]",0.0057,1.2247,0.0888,0.0656,0.006999999999999999,1.0722,0.0616,60
Sat Jul  6 12:44:35 2019,4,"mse, mre, rmse, correct",5000,50,250,200,0.0,"[50, 50, 150]",0.0321,2.0164,0.1623,0.1517,-0.1492,2.1768,-9.2764,40
Sat Jul  6 12:45:51 2019,0,"lincor, mae, maxae, ae, correct",5000,50,250,200,0.2,"[50, 50, 150]",0.3627,0.3466,0.7833,0.574,-0.7937,-0.4970000000000001,-71.6008,20
Sat Jul  6 12:47:19 2019,0,correct,5000,50,250,200,0.0,"[200, 200, 150]",0.0461,2.3515,0.311,0.1911,0.2056,45.2938,19.0225,80
Sat Jul  6 12:49:00 2019,0,correct,5000,50,250,200,0.2,"[200, 200, 150]",0.3653,1.2275,0.8816,0.5922,0.78,156.0054,63.6245,80
Sat Jul  6 15:36:20 2019,0,"lincor, correct",5000,50,250,10,0.0,"[200, 200, 150]",0.0055,1.1635,0.0941,0.0628,0.0486,0.6298,0.2442,62
Sat Jul  6 15:39:32 2019,0,correct,5000,50,250,10,0.2,"[200, 200, 150]",0.0081,2.228,0.0951,0.0747,-0.0519,0.1558,-0.2922,62
Sat Jul  6 15:41:44 2019,0,"lincor, correct",5000,50,250,20,0.0,"[200, 200, 150]",0.0224,0.7011,0.205,0.1367,0.1826,3.6518,1.679,65
Sat Jul  6 15:44:08 2019,0,"mae, ae, correct",5000,50,250,20,0.2,"[200, 200, 150]",0.0162,1.4976,0.1277,0.1073,-0.1186,0.1115,-1.2138,51
Sat Jul  6 16:10:42 2019,2,correct,5000,50,250,40,0.0,"[200, 200, 150]",0.0057,3.2041,0.0906,0.071,-0.0176,1.1972,-0.326,55
Sat Jul  6 16:12:59 2019,0,correct,5000,50,250,40,0.2,"[200, 200, 150]",0.0087,1.4792,0.1047,0.0823,-0.0323,1.1786,-0.7635,58
Sat Jul  6 16:14:54 2019,0,correct,5000,50,250,60,0.0,"[200, 200, 150]",0.1148,1.0203,0.4637,0.3297,0.4224,25.3441,9.6749,57
Sat Jul  6 16:16:51 2019,0,correct,5000,50,250,60,0.2,"[200, 200, 150]",0.0457,0.7611,0.2891,0.2003,0.2543,15.2562,5.9811,57
Sat Jul  6 16:37:33 2019,0,correct,5000,50,250,100,0.0,"[200, 200, 150]",0.092,0.8861,0.434,0.2839,0.365,36.499,14.3607,72
Sat Jul  6 16:39:25 2019,0,correct,5000,50,250,100,0.2,"[200, 200, 150]",0.0263,1.0824,0.2244,0.1478,0.1253,15.185,4.6952,81
Sat Jul  6 18:48:37 2019,0,"mae, maxae, ae, correct",5000,50,250,20,0.0,"[200, 200, 150]",0.0209,1.7793,0.1429,0.1214,-0.1452,0.0289,-1.4686,46
Sat Jul  6 18:51:09 2019,0,correct,5000,50,250,20,0.2,"[200, 200, 150]",0.0066,1.0394,0.093,0.0705,-0.0174,0.6081,-0.2738,63
Sat Jul  6 18:53:17 2019,1,correct,5000,50,500,20,0.0,"[200, 200, 150]",0.0216,0.6947,0.2006,0.1341,0.1797,3.5948,1.6685,65
Sat Jul  6 18:55:35 2019,1,correct,5000,50,500,20,0.2,"[200, 200, 150]",0.0104,0.8755,0.1383,0.0899,0.0916,2.0584,0.8295,63
Sat Jul  6 18:57:39 2019,2,correct,5000,50,750,20,0.0,"[200, 200, 150]",0.0187,0.6944,0.1858,0.1227,0.1604,3.2168,1.4509,65
Sat Jul  6 18:59:45 2019,2,correct,5000,50,750,20,0.2,"[200, 200, 150]",0.0132,0.6976,0.155,0.101,0.1222,2.5173,1.0971,65
